{
	"info": {
		"_postman_id": "8ea8995d-b272-4032-aae1-1ce50fb13767",
		"name": "ml-scripts",
		"schema": "https://schema.getpostman.com/json/collection/v2.1.0/collection.json",
		"_exporter_id": "1987250"
	},
	"item": [
		{
			"name": "crop-image",
			"request": {
				"method": "POST",
				"header": [],
				"body": {
					"mode": "raw",
					"raw": "{\n    \"x\": 700,\n    \"y\": 400,\n    \"width\": 1000,\n    \"height\": 700,\n    \"imageUrl\": \"https://images.pexels.com/photos/2813361/pexels-photo-2813361.jpeg\",\n    \"keyAndFolder\": \"test-folder/test-image.jpg\",\n    \"rectangles\": [\n        {\n            \"x\": 800,\n            \"y\": 600,\n            \"width\": 400,\n            \"height\": 200,\n            \"color\": [255, 0, 0]\n        },\n        {\n            \"x\": 850,\n            \"y\": 650,\n            \"width\": 400,\n            \"height\": 200,\n            \"color\": [0, 255, 0]\n        }\n    ]\n}",
					"options": {
						"raw": {
							"language": "json"
						}
					}
				},
				"url": {
					"raw": "http://127.0.0.1:5000/api/crop-image",
					"protocol": "http",
					"host": [
						"127",
						"0",
						"0",
						"1"
					],
					"port": "5000",
					"path": [
						"api",
						"crop-image"
					]
				}
			},
			"response": []
		}
	]
}